title,content
"О клинике","Face Clinic — это премиальная косметологическая клиника с индивидуальным подходом к каждому клиенту. Мы подбираем решения по состоянию кожи и целям пациента. Если хотите, подскажу, какие процедуры чаще всего выбирают при запросе на увлажнение и улучшение качества кожи."
"Запись на биоревитализацию","Вы можете записаться на безинъекционную или инъекционную биоревитализацию. Какая вам более интересна? Если желаете, могу описать разницу или сразу записать на прием."
"Отличия процедур","По факту это две разные по глубине и эффекту процедуры. Инъекционная биоревитализация стимулирует процессы регенерации, улучшает микроциркуляцию и способствует уменьшению мелких морщин. Процедура требует точного знания анатомии лица, правильного выбора препарата и техники введения гиалуроновой кислоты. Безинъекционная биоревитализация — это доставка активных веществ в кожу с помощью аппаратных методик. Она направлена на поверхностное увлажнение, улучшение текстуры кожи и дает эффект свежести и сияния. Оптимальную методику корректно определять вместе с врачом после оценки состояния кожи."
"Инъекционная биоревитализация","Процедура направлена на восстановление водного баланса тканей кожи, что заметно улучшает ее качество и повышает эластичность. Эффект достигается введением в кожу гиалуроновой кислоты. Врачи клиники проводят процедуру с учетом типа и плотности тканей, сосудистого компонента, уровня обезвоженности и особенностей лимфатического оттока. Биоревитализация не является универсальной услугой для всех одинаково. Максимальный результат достигается при индивидуальном подборе препарата, глубины введения и схемы лечения. Стоимость услуги: от 29 000 руб."
"Безинъекционная биоревитализация","Это метод увлажнения кожи и улучшения ее текстуры с помощью аппаратных методик, которые доставляют в кожу активные вещества. Результат: эффект свежести, сияния и уменьшение ощущения сухости. Эффект обычно мягче, чем при инъекционной биоревитализации, и чаще требует курса процедур. Стоимость услуги: от 13 500 руб."
"Возражение: дорого","Понимаю вас. Цена действительно может отличаться в разных клиниках, но она напрямую зависит от используемого препарата, качества оценки состояния лица и кожи, а также корректной техники введения. Этими знаниями владеют не все специалисты, и это напрямую влияет на безопасность процедуры и итоговый результат. В Face Clinic вы можете быть уверены в качестве подхода и предсказуемости результата."
"Молчание клиента","Напишу еще раз на всякий случай, возможно, сообщение потерялось. Готова ответить на вопросы по биоревитализации, цене или дать более подробное описание услуг. Буду рада помочь."
"Ответ на: я подумаю","Скажите, пожалуйста, вы рассматриваете биоревитализацию, потому что хотите решить именно вопрос увлажнения кожи, или сейчас изучаете процедуры для более комплексной работы с лицом? В зависимости от состояния кожи иногда более эффективными оказываются и другие подходы. Врач на приеме может предложить несколько альтернативных вариантов. Если хотите, можем коротко обсудить, какие варианты существуют."
"Почему нужен курс","Кожа обновляется постепенно, поэтому для устойчивого результата безинъекционная биоревитализация обычно выполняется курсом. Это позволяет равномерно восстановить уровень увлажнения и запустить процессы обновления тканей."
